<!DOCTYPE PATCH  SYSTEM "http://vvvv.org/versions/vvvv45beta34.2.dtd" >
   <PATCH nodename="C:\Users\Valentina_2\Downloads\vvvv\Esercizio_vvvvala.v4p" scrollx="408" scrolly="372" systemname="Esercizio_vvvvala" filename="C:\Users\Valentina_2\Downloads\vvvv\Esercizio_vvvvala.v4p">
   <BOUNDS type="Window" left="6465" top="2280" width="19605" height="12270">
   </BOUNDS>
   <NODE systemname="ColladaFile (EX9.Geometry)" filename="%VVVV%\lib\nodes\plugins\ColladaLoader.dll" nodename="ColladaFile (EX9.Geometry)" componentmode="Hidden" id="0">
   <BOUNDS type="Node" left="3765" top="3360" width="100" height="100">
   </BOUNDS>
   <PIN pinname="COLLADA Model" visible="1">
   </PIN>
   <PIN pinname="Filename" visible="1">
   </PIN>
   </NODE>
   <NODE systemname="IOBox (String)" nodename="IOBox (String)" componentmode="InABox" id="1">
   <BOUNDS type="Node" left="4515" top="2040" width="100" height="100">
   </BOUNDS>
   <BOUNDS type="Box" left="4515" top="2040" width="795" height="240">
   </BOUNDS>
   <PIN pinname="String Type" slicecount="1" values="Filename">
   </PIN>
   <PIN pinname="Output String" visible="1">
   </PIN>
   <PIN pinname="Input String" slicecount="1" values="prova16_grosso.dae">
   </PIN>
   </NODE>
   <NODE systemname="Mesh (EX9.Geometry Collada)" filename="%VVVV%\lib\nodes\plugins\ColladaLoader.dll" nodename="Mesh (EX9.Geometry Collada)" componentmode="Hidden" id="2">
   <BOUNDS type="Node" left="4035" top="4035" width="100" height="100">
   </BOUNDS>
   <PIN pinname="COLLADA Model" visible="1" slicecount="1" values="||">
   </PIN>
   <PIN pinname="Time" visible="1" slicecount="3" values="0,5,0">
   </PIN>
   <PIN pinname="TextureFileName" visible="1">
   </PIN>
   <PIN pinname="Mesh" visible="1">
   </PIN>
   <PIN pinname="Transforms" visible="1">
   </PIN>
   <PIN pinname="Skinning Transforms" visible="1">
   </PIN>
   <PIN pinname="MeshPath" visible="1">
   </PIN>
   </NODE>
   <NODE systemname="Renderer (EX9)" nodename="Renderer (EX9)" componentmode="InAWindow" id="4">
   <BOUNDS type="Node" left="3720" top="8895" width="100" height="100">
   </BOUNDS>
   <BOUNDS type="Box" left="3720" top="8895" width="2400" height="1800">
   </BOUNDS>
   <BOUNDS type="Window" left="765" top="2610" width="6825" height="5085">
   </BOUNDS>
   <PIN pinname="View" visible="1" slicecount="1" values="||">
   </PIN>
   <PIN pinname="Projection" visible="1" slicecount="1" values="||">
   </PIN>
   <PIN pinname="Layers" visible="1">
   </PIN>
   <PIN pinname="Windowed Depthbuffer Format" slicecount="1" values="D24X8">
   </PIN>
   <PIN pinname="Fullscreen Depthbuffer Format" slicecount="1" values="D24X8">
   </PIN>
   <PIN pinname="Background Color" slicecount="1" values="|0.51529,0.51529,0.51529,1.00000|">
   </PIN>
   </NODE>
   <LINK srcnodeid="1" srcpinname="Output String" dstnodeid="0" dstpinname="Filename">
   </LINK>
   <NODE systemname="Vector (3d Join)" nodename="Vector (3d Join)" componentmode="Hidden" id="23">
   <BOUNDS type="Node" left="1770" top="3885" width="100" height="100">
   </BOUNDS>
   <PIN pinname="XYZ" visible="1">
   </PIN>
   <PIN pinname="X" slicecount="1" values="0">
   </PIN>
   <PIN pinname="Y" slicecount="1" values="-0.21">
   </PIN>
   </NODE>
   <LINK srcnodeid="0" srcpinname="COLLADA Model" dstnodeid="2" dstpinname="COLLADA Model">
   </LINK>
   <NODE systemname="FileTexture (EX9.Texture)" nodename="FileTexture (EX9.Texture)" componentmode="Hidden" id="25">
   <BOUNDS type="Node" left="6330" top="4065" width="100" height="100">
   </BOUNDS>
   <PIN pinname="Filename" visible="1" slicecount="2" values="|..\..\Modello 3D\texture.png|,|..\..\Modello 3D\texture.png|">
   </PIN>
   <PIN pinname="Texture Out" visible="1">
   </PIN>
   <PIN pinname="Preload" slicecount="1" values="1">
   </PIN>
   <PIN pinname="Load In Background" slicecount="1" values="0">
   </PIN>
   <PIN pinname="Reload" slicecount="1" values="0">
   </PIN>
   <PIN pinname="Use Preloaded Item" slicecount="1" values="0">
   </PIN>
   </NODE>
   <NODE systemname="PhongDirectional (EX9.Effect)" filename="%VVVV%\lib\nodes\effects\PhongDirectional.fx" nodename="PhongDirectional (EX9.Effect)" componentmode="Hidden" id="27">
   <BOUNDS type="Node" left="4650" top="6360" width="100" height="100">
   </BOUNDS>
   <PIN pinname="Mesh" visible="1" slicecount="1" values="||">
   </PIN>
   <PIN pinname="Transform" visible="1">
   </PIN>
   <PIN pinname="Texture" visible="1" slicecount="1" values="||">
   </PIN>
   <PIN pinname="Layer" visible="1">
   </PIN>
   <PIN pinname="Texture Transform" visible="1" slicecount="1" values="||">
   </PIN>
   <PIN pinname="Alpha" visible="1" slicecount="1" values="1">
   </PIN>
   <PIN pinname="Light Direction XYZ" slicecount="3" visible="1" values="-0.04,-0.04,-0.04">
   </PIN>
   <PIN pinname="Color Transform" visible="1" slicecount="1" values="||">
   </PIN>
   <PIN pinname="Enabled" slicecount="1" values="1">
   </PIN>
   </NODE>
   <LINK srcnodeid="2" srcpinname="Mesh" dstnodeid="27" dstpinname="Mesh">
   </LINK>
   <LINK srcnodeid="2" srcpinname="Transforms" dstnodeid="27" dstpinname="Transform">
   </LINK>
   <NODE systemname="Group (EX9)" nodename="Group (EX9)" componentmode="Hidden" id="28">
   <BOUNDS type="Node" left="4845" top="7785" width="100" height="100">
   </BOUNDS>
   <PIN pinname="Layer 1" visible="1" slicecount="1" values="||">
   </PIN>
   <PIN pinname="Layer 2" visible="1">
   </PIN>
   <PIN pinname="Layer" visible="1">
   </PIN>
   <PIN pinname="Enabled" slicecount="1" values="1">
   </PIN>
   </NODE>
   <LINK srcnodeid="27" srcpinname="Layer" dstnodeid="28" dstpinname="Layer 2">
   </LINK>
   <LINK srcnodeid="28" srcpinname="Layer" dstnodeid="4" dstpinname="Layers">
   </LINK>
   <NODE systemname="IOBox (String)" nodename="IOBox (String)" componentmode="InABox" id="30">
   <BOUNDS type="Node" left="6480" top="2130" width="100" height="100">
   </BOUNDS>
   <BOUNDS type="Box" left="6480" top="2130" width="2790" height="345">
   </BOUNDS>
   <PIN pinname="String Type" slicecount="1" values="Filename">
   </PIN>
   <PIN pinname="Input String" slicecount="1" values="|..\..\Modello 3D\texture.png|">
   </PIN>
   <PIN pinname="Output String" visible="1">
   </PIN>
   <PIN pinname="Rows" slicecount="1" values="1">
   </PIN>
   </NODE>
   <NODE systemname="Vector (3d Join)" nodename="Vector (3d Join)" componentmode="Hidden" id="33">
   <BOUNDS type="Node" left="5265" top="4920" width="100" height="100">
   </BOUNDS>
   <PIN pinname="XYZ" visible="1">
   </PIN>
   <PIN pinname="X" slicecount="1" values="-0.15">
   </PIN>
   <PIN pinname="Y" slicecount="1" values="0.02">
   </PIN>
   <PIN pinname="Z" slicecount="1" values="-0.02">
   </PIN>
   </NODE>
   <LINK srcnodeid="33" srcpinname="XYZ" dstnodeid="27" dstpinname="Light Direction XYZ">
   </LINK>
   <NODE systemname="LFO (Animation)" nodename="LFO (Animation)" componentmode="Hidden" id="37">
   <BOUNDS type="Node" left="2160" top="4995" width="100" height="100">
   </BOUNDS>
   <PIN pinname="Output" visible="1">
   </PIN>
   <PIN pinname="Change" visible="1">
   </PIN>
   <PIN pinname="Period" slicecount="1" values="8">
   </PIN>
   </NODE>
   <NODE systemname="Camera (Transform Softimage)" filename="%VVVV%\lib\nodes\modules\Transform\Camera (Transform Softimage).v4p" nodename="Camera (Transform Softimage)" componentmode="Hidden" id="39">
   <BOUNDS type="Node" left="1770" top="6315" width="100" height="100">
   </BOUNDS>
   <PIN pinname="Initial Interest" visible="1">
   </PIN>
   <PIN pinname="View" visible="1">
   </PIN>
   <PIN pinname="Projection" visible="1">
   </PIN>
   <PIN pinname="Initial Pitch" slicecount="1" visible="1" values="0.906725874318909">
   </PIN>
   <PIN pinname="Initial Distance" slicecount="1" values="8.21">
   </PIN>
   <PIN pinname="Initial Yaw" slicecount="1" visible="1" values="0.0465633093845099">
   </PIN>
   <PIN pinname="Initial FOV" slicecount="1" values="0.21">
   </PIN>
   <PIN pinname="Far Plane" slicecount="1" values="17">
   </PIN>
   </NODE>
   <LINK srcnodeid="23" srcpinname="XYZ" dstnodeid="39" dstpinname="Initial Interest">
   </LINK>
   <LINK srcnodeid="39" srcpinname="View" dstnodeid="4" dstpinname="View">
   </LINK>
   <LINK srcnodeid="39" srcpinname="Projection" dstnodeid="4" dstpinname="Projection">
   </LINK>
   <NODE systemname="Random (Value)" nodename="Random (Value)" componentmode="Hidden" id="40">
   <BOUNDS type="Node" left="2040" top="7455" width="100" height="100">
   </BOUNDS>
   <PIN pinname="Output" visible="1">
   </PIN>
   </NODE>
   <LINK srcnodeid="37" srcpinname="Output" dstnodeid="39" dstpinname="Initial Yaw">
   </LINK>
   <NODE systemname="LFO (Animation)" nodename="LFO (Animation)" componentmode="Hidden" id="41">
   <BOUNDS type="Node" left="2940" top="5535" width="100" height="100">
   </BOUNDS>
   <PIN pinname="Output" visible="1">
   </PIN>
   <PIN pinname="Period" slicecount="1" values="4.31">
   </PIN>
   </NODE>
   <LINK srcnodeid="41" srcpinname="Output" dstnodeid="39" dstpinname="Initial Pitch">
   </LINK>
   <LINK srcnodeid="30" srcpinname="Output String" dstnodeid="25" dstpinname="Filename">
   </LINK>
   <NODE systemname="MonoFlop (Animation)" nodename="MonoFlop (Animation)" componentmode="Hidden" id="55">
   <BOUNDS type="Node" left="8175" top="3600" width="100" height="100">
   </BOUNDS>
   <PIN pinname="Set" visible="1" slicecount="1" values="1">
   </PIN>
   <PIN pinname="Time" slicecount="1" visible="1" values="0.365145945395852">
   </PIN>
   <PIN pinname="Output" visible="1">
   </PIN>
   </NODE>
   <NODE systemname="LFO (Animation)" nodename="LFO (Animation)" componentmode="Hidden" id="56">
   <BOUNDS type="Node" left="9420" top="3795" width="100" height="100">
   </BOUNDS>
   <PIN pinname="Output" visible="1">
   </PIN>
   <PIN pinname="Period" slicecount="1" values="5.02">
   </PIN>
   </NODE>
   <NODE systemname="LFO (Animation)" nodename="LFO (Animation)" componentmode="Hidden" id="57">
   <BOUNDS type="Node" left="6660" top="4545" width="100" height="100">
   </BOUNDS>
   <PIN pinname="Output" visible="1">
   </PIN>
   <PIN pinname="Change" visible="1">
   </PIN>
   <PIN pinname="Period" slicecount="1" values="7.02">
   </PIN>
   <PIN pinname="Phase" slicecount="1" values="0.62">
   </PIN>
   </NODE>
   <NODE systemname="LFO (Animation)" nodename="LFO (Animation)" componentmode="Hidden" id="58">
   <BOUNDS type="Node" left="8055" top="4515" width="100" height="100">
   </BOUNDS>
   <PIN pinname="Output" visible="1">
   </PIN>
   <PIN pinname="Period" slicecount="1" values="1" visible="1">
   </PIN>
   <PIN pinname="Phase" slicecount="1" values="1">
   </PIN>
   </NODE>
   <NODE systemname="HSCB (EX9.Texture Filter)" filename="%VVVV%\addonpack\lib\nodes\modules\TextureFX\Filter\HSCB\HSCB (EX9.Texture Filter).v4p" nodename="HSCB (EX9.Texture Filter)" componentmode="Hidden" id="59">
   <BOUNDS type="Node" left="6165" top="5280" width="100" height="100">
   </BOUNDS>
   <PIN pinname="Input" visible="1">
   </PIN>
   <PIN pinname="Output" visible="1">
   </PIN>
   <PIN pinname="Saturation Balance" visible="1" slicecount="1" values="-0.46">
   </PIN>
   <PIN pinname="Hue" visible="1" slicecount="1" values="0.531541583833418">
   </PIN>
   <PIN pinname="Saturation" visible="1" slicecount="1" values="0.127752504888818">
   </PIN>
   <PIN pinname="Brightness" slicecount="1" values="1">
   </PIN>
   <PIN pinname="Contrast" slicecount="1" values="0">
   </PIN>
   <PIN pinname="Hue Cycles" slicecount="1" values="0.97">
   </PIN>
   </NODE>
   <LINK srcnodeid="25" srcpinname="Texture Out" dstnodeid="59" dstpinname="Input">
   </LINK>
   <LINK srcnodeid="56" srcpinname="Output" dstnodeid="55" dstpinname="Set">
   </LINK>
   <LINK srcnodeid="59" srcpinname="Output" dstnodeid="27" dstpinname="Texture">
   </LINK>
   <NODE systemname="LFO (Animation)" nodename="LFO (Animation)" componentmode="Hidden" id="62">
   <BOUNDS type="Node" left="9210" top="4890" width="100" height="100">
   </BOUNDS>
   <PIN pinname="Output" visible="1">
   </PIN>
   <PIN pinname="Period" slicecount="1" values="3.56">
   </PIN>
   </NODE>
   <LINK srcnodeid="57" srcpinname="Output" dstnodeid="59" dstpinname="Hue">
   </LINK>
   <NODE systemname="Transform (Transform 3d)" nodename="Transform (Transform 3d)" componentmode="Hidden" id="64">
   <BOUNDS type="Node" left="8070" top="6105" width="100" height="100">
   </BOUNDS>
   <PIN pinname="Transform Out" visible="1">
   </PIN>
   <PIN pinname="TranslateX" visible="1" slicecount="1" values="0.0678873179350547">
   </PIN>
   <PIN pinname="ScaleX" visible="1" slicecount="1" values="0.969295831233534">
   </PIN>
   <PIN pinname="TranslateY" visible="1">
   </PIN>
   <PIN pinname="TranslateZ" visible="1">
   </PIN>
   <PIN pinname="ScaleY" visible="1">
   </PIN>
   </NODE>
   <LINK srcnodeid="64" srcpinname="Transform Out" dstnodeid="27" dstpinname="Color Transform">
   </LINK>
   <LINK srcnodeid="58" srcpinname="Output" dstnodeid="64" dstpinname="TranslateX">
   </LINK>
   <LINK srcnodeid="62" srcpinname="Output" dstnodeid="64" dstpinname="TranslateY">
   </LINK>
   <LINK srcnodeid="56" srcpinname="Output" dstnodeid="64" dstpinname="TranslateZ">
   </LINK>
   <NODE nodename="IOBox (String)" componentmode="InABox" id="65" systemname="IOBox (String)">
   <BOUNDS type="Node" left="6420" top="1500" width="675" height="270">
   </BOUNDS>
   <BOUNDS type="Box" left="6420" top="1500" width="675" height="270">
   </BOUNDS>
   <PIN pinname="Input String" visible="0" slicecount="1" values="texture">
   </PIN>
   <PIN pinname="Output String" visible="0">
   </PIN>
   <PIN pinname="Show Grid" slicecount="1" values="0">
   </PIN>
   <PIN pinname="String Type" slicecount="1" values="MultiLine">
   </PIN>
   </NODE>
   <NODE nodename="IOBox (String)" componentmode="InABox" id="66" systemname="IOBox (String)">
   <BOUNDS type="Node" left="4395" top="1545" width="945" height="270">
   </BOUNDS>
   <BOUNDS type="Box" left="4395" top="1545" width="945" height="270">
   </BOUNDS>
   <PIN pinname="Input String" visible="0" slicecount="1" values="|modello 3d|">
   </PIN>
   <PIN pinname="Output String" visible="0">
   </PIN>
   <PIN pinname="Show Grid" slicecount="1" values="0">
   </PIN>
   <PIN pinname="String Type" slicecount="1" values="MultiLine">
   </PIN>
   </NODE>
   <LINK srcnodeid="58" srcpinname="Output" dstnodeid="64" dstpinname="ScaleX">
   </LINK>
   <LINK srcnodeid="62" srcpinname="Output" dstnodeid="64" dstpinname="ScaleY">
   </LINK>
   <PACK Name="addonpack" Version="34.1.0">
   </PACK>
   </PATCH>