<!DOCTYPE PATCH  SYSTEM "http://vvvv.org/versions/vvvv45beta34.2.dtd" >
   <PATCH nodename="D:\documenti\! design\sintesi\Poli_vvvv\vvvv_45beta34.2_x86\836197_Nardozza_esercizio_animazione_logo\Esercizio_Animazione_Logo_.v4p" scrollx="6540" scrolly="780" systemname="Esercizio_Animazione_Logo_2_versione" filename="D:\documenti\! design\sintesi\Poli_vvvv\vvvv_45beta34.2_x86\Esercizio_Animazione_Logo_2_versione.v4p">
   <BOUNDS type="Window" left="4320" top="0" width="15516" height="10812">
   </BOUNDS>
   <NODE systemname="IOBox (String)" nodename="IOBox (String)" componentmode="InABox" id="3">
   <BOUNDS type="Node" left="22692" top="2031" width="100" height="100">
   </BOUNDS>
   <BOUNDS type="Box" left="22692" top="2031" width="1800" height="264">
   </BOUNDS>
   <PIN pinname="Output String" visible="1">
   </PIN>
   <PIN pinname="Input String" slicecount="1" values="|Asset\Gigi D&apos;Agostino - L&apos;Amour Toujours ( Official Video ).mp3|">
   </PIN>
   <PIN pinname="String Type" slicecount="1" values="Filename">
   </PIN>
   </NODE>
   <NODE systemname="AudioOut (Bass)" filename="%VVVV%\lib\nodes\plugins\BassSound.dll" nodename="AudioOut (Bass)" componentmode="Hidden" id="14">
   <BOUNDS type="Node" left="18978" top="3198" width="100" height="100">
   </BOUNDS>
   <PIN pinname="Handles In" visible="1">
   </PIN>
   </NODE>
   <NODE systemname="FileStream (Bass)" filename="%VVVV%\lib\nodes\plugins\BassSound.dll" nodename="FileStream (Bass)" componentmode="Hidden" id="15">
   <BOUNDS type="Node" left="20391" top="3420" width="4236" height="276">
   </BOUNDS>
   <PIN pinname="Handle Out" visible="1">
   </PIN>
   <PIN pinname="Play" visible="1" slicecount="1" values="0">
   </PIN>
   <PIN pinname="Loop" visible="1" slicecount="1" values="0">
   </PIN>
   <PIN pinname="File Name" visible="1">
   </PIN>
   </NODE>
   <LINK srcnodeid="15" srcpinname="Handle Out" dstnodeid="14" dstpinname="Handles In">
   </LINK>
   <LINK srcnodeid="3" srcpinname="Output String" dstnodeid="15" dstpinname="File Name">
   </LINK>
   <NODE systemname="IOBox (Value Advanced)" nodename="IOBox (Value Advanced)" componentmode="InABox" id="18">
   <BOUNDS type="Node" left="20910" top="2049" width="100" height="100">
   </BOUNDS>
   <BOUNDS type="Box" left="20910" top="2049" width="780" height="480">
   </BOUNDS>
   <PIN pinname="Value Type" slicecount="1" values="Boolean">
   </PIN>
   <PIN pinname="X Input Value" slicecount="1" values="1">
   </PIN>
   <PIN pinname="Y Input Value" slicecount="1" values="1">
   </PIN>
   <PIN pinname="Y Output Value" visible="1">
   </PIN>
   <PIN pinname="Descriptive Name" slicecount="1" values="Loop">
   </PIN>
   </NODE>
   <NODE systemname="IOBox (Value Advanced)" nodename="IOBox (Value Advanced)" componentmode="InABox" id="19">
   <BOUNDS type="Node" left="19842" top="2001" width="100" height="100">
   </BOUNDS>
   <BOUNDS type="Box" left="19842" top="2001" width="684" height="492">
   </BOUNDS>
   <PIN pinname="Value Type" slicecount="1" values="Boolean">
   </PIN>
   <PIN pinname="Y Output Value" visible="1">
   </PIN>
   <PIN pinname="Descriptive Name" slicecount="1" values="Play">
   </PIN>
   <PIN pinname="X Input Value" slicecount="1" values="0">
   </PIN>
   <PIN pinname="Y Input Value" slicecount="1" values="0">
   </PIN>
   </NODE>
   <LINK srcnodeid="18" srcpinname="Y Output Value" dstnodeid="15" dstpinname="Loop">
   </LINK>
   <LINK srcnodeid="19" srcpinname="Y Output Value" dstnodeid="15" dstpinname="Play">
   </LINK>
   <NODE systemname="RMS (Bass)" filename="%VVVV%\lib\nodes\plugins\BassSound.dll" nodename="RMS (Bass)" componentmode="Hidden" id="22">
   <BOUNDS type="Node" left="19218" top="4929" width="100" height="100">
   </BOUNDS>
   <PIN pinname="Handle In" visible="1">
   </PIN>
   <PIN pinname="RMS" visible="1">
   </PIN>
   </NODE>
   <LINK srcnodeid="15" srcpinname="Handle Out" dstnodeid="22" dstpinname="Handle In">
   </LINK>
   <NODE systemname="IOBox (Value Advanced)" nodename="IOBox (Value Advanced)" componentmode="InABox" id="23">
   <BOUNDS type="Node" left="19233" top="6939" width="100" height="100">
   </BOUNDS>
   <BOUNDS type="Box" left="19233" top="6939" width="795" height="240">
   </BOUNDS>
   <PIN pinname="Y Input Value" visible="1" slicecount="5" values="0,0,0,0,0">
   </PIN>
   <PIN pinname="Y Output Value" visible="1">
   </PIN>
   </NODE>
   <NODE systemname="FFT (Bass)" filename="%VVVV%\lib\nodes\plugins\BassSound.dll" nodename="FFT (Bass)" componentmode="Hidden" id="24">
   <BOUNDS type="Node" left="20409" top="4608" width="100" height="100">
   </BOUNDS>
   <PIN pinname="Handle In" visible="1">
   </PIN>
   <PIN pinname="Left" visible="1">
   </PIN>
   <PIN pinname="FFTSize" visible="1">
   </PIN>
   <PIN pinname="Frequency Scaling" slicecount="1" values="0">
   </PIN>
   </NODE>
   <LINK srcnodeid="15" srcpinname="Handle Out" dstnodeid="24" dstpinname="Handle In">
   </LINK>
   <NODE systemname="GetSpread (Spreads)" nodename="GetSpread (Spreads)" componentmode="Hidden" id="25">
   <BOUNDS type="Node" left="21498" top="5346" width="100" height="100">
   </BOUNDS>
   <PIN pinname="Input" visible="1">
   </PIN>
   <PIN pinname="Output" visible="1">
   </PIN>
   <PIN pinname="Count" visible="1">
   </PIN>
   <PIN pinname="Offset" visible="1">
   </PIN>
   </NODE>
   <LINK srcnodeid="24" srcpinname="Left" dstnodeid="25" dstpinname="Input">
   </LINK>
   <NODE systemname="IOBox (Value Advanced)" nodename="IOBox (Value Advanced)" componentmode="InABox" id="28">
   <BOUNDS type="Node" left="23430" top="5304" width="100" height="100">
   </BOUNDS>
   <BOUNDS type="Box" left="23430" top="5304" width="3984" height="2520">
   </BOUNDS>
   <PIN pinname="Show Slider" slicecount="1" values="1">
   </PIN>
   <PIN pinname="Show Value" slicecount="1" values="0">
   </PIN>
   <PIN pinname="Slider Constraints" slicecount="1" values="None">
   </PIN>
   <PIN pinname="Y Input Value" visible="1">
   </PIN>
   <PIN pinname="Minimum" slicecount="1" values="0">
   </PIN>
   <PIN pinname="Maximum" slicecount="1" values="1">
   </PIN>
   <PIN pinname="Show Connections" slicecount="1" values="1">
   </PIN>
   <PIN pinname="Sticky Slider" slicecount="1" values="0">
   </PIN>
   <PIN pinname="Allow MouseOffset" slicecount="1" values="0">
   </PIN>
   <PIN pinname="Columns" slicecount="1" values="128">
   </PIN>
   </NODE>
   <LINK srcnodeid="25" srcpinname="Output" dstnodeid="28" dstpinname="Y Input Value">
   </LINK>
   <NODE systemname="IOBox (Value Advanced)" nodename="IOBox (Value Advanced)" componentmode="InABox" id="30">
   <BOUNDS type="Node" left="22989" top="4800" width="100" height="100">
   </BOUNDS>
   <BOUNDS type="Box" left="22989" top="4800" width="792" height="240">
   </BOUNDS>
   <PIN pinname="Y Input Value" slicecount="1" values="1">
   </PIN>
   <PIN pinname="Y Output Value" visible="1">
   </PIN>
   </NODE>
   <LINK srcnodeid="30" srcpinname="Y Output Value" dstnodeid="25" dstpinname="Count">
   </LINK>
   <NODE systemname="IOBox (Value Advanced)" nodename="IOBox (Value Advanced)" componentmode="InABox" id="31">
   <BOUNDS type="Node" left="21834" top="4737" width="100" height="100">
   </BOUNDS>
   <BOUNDS type="Box" left="21834" top="4737" width="792" height="240">
   </BOUNDS>
   <PIN pinname="Y Output Value" visible="1">
   </PIN>
   </NODE>
   <LINK srcnodeid="31" srcpinname="Y Output Value" dstnodeid="25" dstpinname="Offset">
   </LINK>
   <NODE systemname="IOBox (Value Advanced)" nodename="IOBox (Value Advanced)" componentmode="InABox" id="32">
   <BOUNDS type="Node" left="20736" top="3981" width="100" height="100">
   </BOUNDS>
   <BOUNDS type="Box" left="20736" top="3981" width="792" height="240">
   </BOUNDS>
   <PIN pinname="Y Input Value" slicecount="1" values="256">
   </PIN>
   <PIN pinname="Y Output Value" visible="1">
   </PIN>
   </NODE>
   <LINK srcnodeid="32" srcpinname="Y Output Value" dstnodeid="24" dstpinname="FFTSize">
   </LINK>
   <NODE systemname="GT (Value)" nodename="GT (Value)" componentmode="Hidden" id="34">
   <BOUNDS type="Node" left="23019" top="8169" width="100" height="100">
   </BOUNDS>
   <PIN pinname="Input 2" visible="1">
   </PIN>
   <PIN pinname="Input 1" visible="1">
   </PIN>
   <PIN pinname="Output" visible="1">
   </PIN>
   </NODE>
   <NODE systemname="IOBox (Value Advanced)" nodename="IOBox (Value Advanced)" componentmode="InABox" id="36">
   <BOUNDS type="Node" left="24663" top="8103" width="100" height="100">
   </BOUNDS>
   <BOUNDS type="Box" left="24663" top="8103" width="792" height="240">
   </BOUNDS>
   <PIN pinname="Y Input Value" slicecount="1" values="0.46">
   </PIN>
   <PIN pinname="Y Output Value" visible="1">
   </PIN>
   </NODE>
   <LINK srcnodeid="36" srcpinname="Y Output Value" dstnodeid="34" dstpinname="Input 2">
   </LINK>
   <LINK srcnodeid="25" srcpinname="Output" dstnodeid="34" dstpinname="Input 1">
   </LINK>
   <NODE systemname="OR (Boolean Spectral)" nodename="OR (Boolean Spectral)" componentmode="Hidden" id="37">
   <BOUNDS type="Node" left="23022" top="8793" width="100" height="100">
   </BOUNDS>
   <PIN pinname="Input" visible="1">
   </PIN>
   <PIN pinname="Output" visible="1">
   </PIN>
   </NODE>
   <LINK srcnodeid="34" srcpinname="Output" dstnodeid="37" dstpinname="Input">
   </LINK>
   <NODE systemname="MonoFlop (Animation)" nodename="MonoFlop (Animation)" componentmode="Hidden" id="38">
   <BOUNDS type="Node" left="23823" top="9345" width="100" height="100">
   </BOUNDS>
   <PIN pinname="Set" visible="1">
   </PIN>
   <PIN pinname="Time" visible="1">
   </PIN>
   <PIN pinname="Output" visible="1">
   </PIN>
   </NODE>
   <LINK srcnodeid="37" srcpinname="Output" dstnodeid="38" dstpinname="Set">
   </LINK>
   <NODE systemname="IOBox (Value Advanced)" nodename="IOBox (Value Advanced)" componentmode="InABox" id="39">
   <BOUNDS type="Node" left="24993" top="8646" width="100" height="100">
   </BOUNDS>
   <BOUNDS type="Box" left="24993" top="8646" width="1260" height="264">
   </BOUNDS>
   <PIN pinname="Y Input Value" slicecount="1" values="0.05">
   </PIN>
   <PIN pinname="Y Output Value" visible="1">
   </PIN>
   <PIN pinname="Units" slicecount="1" values="s">
   </PIN>
   </NODE>
   <LINK srcnodeid="39" srcpinname="Y Output Value" dstnodeid="38" dstpinname="Time">
   </LINK>
   <NODE systemname="TogEdge (Animation)" nodename="TogEdge (Animation)" componentmode="Hidden" id="40">
   <BOUNDS type="Node" left="23436" top="9969" width="100" height="100">
   </BOUNDS>
   <PIN pinname="Input" visible="1">
   </PIN>
   <PIN pinname="Up Edge" visible="1">
   </PIN>
   </NODE>
   <LINK srcnodeid="38" srcpinname="Output" dstnodeid="40" dstpinname="Input">
   </LINK>
   <NODE systemname="IOBox (Value Advanced)" nodename="IOBox (Value Advanced)" componentmode="InABox" id="47">
   <BOUNDS type="Node" left="23508" top="10521" width="100" height="100">
   </BOUNDS>
   <BOUNDS type="Box" left="23508" top="10521" width="852" height="600">
   </BOUNDS>
   <PIN pinname="Y Input Value" visible="1" slicecount="1" values="0">
   </PIN>
   <PIN pinname="Slider Behavior" slicecount="1" values="Bang">
   </PIN>
   <PIN pinname="Value Type" slicecount="1" values="Boolean">
   </PIN>
   <PIN pinname="Behavior" slicecount="1" values="Bang">
   </PIN>
   <PIN pinname="Descriptive Name" slicecount="1" values="beat">
   </PIN>
   <PIN pinname="Y Output Value" visible="1">
   </PIN>
   </NODE>
   <LINK srcnodeid="40" srcpinname="Up Edge" dstnodeid="47" dstpinname="Y Input Value">
   </LINK>
   <NODE systemname="Damper (Animation)" nodename="Damper (Animation)" componentmode="Hidden" id="68">
   <BOUNDS type="Node" left="23709" top="11745" width="100" height="100">
   </BOUNDS>
   <PIN pinname="FilterTime" visible="1">
   </PIN>
   <PIN pinname="Go To Position" visible="1">
   </PIN>
   <PIN pinname="Position Out" visible="1">
   </PIN>
   </NODE>
   <NODE systemname="IOBox (Value Advanced)" nodename="IOBox (Value Advanced)" componentmode="InABox" id="70">
   <BOUNDS type="Node" left="24975" top="10725" width="100" height="100">
   </BOUNDS>
   <BOUNDS type="Box" left="24975" top="10725" width="792" height="240">
   </BOUNDS>
   <PIN pinname="Y Output Value" visible="1">
   </PIN>
   <PIN pinname="Y Input Value" slicecount="1" values="0.3">
   </PIN>
   <PIN pinname="Units" slicecount="1" values="s">
   </PIN>
   </NODE>
   <LINK srcnodeid="70" srcpinname="Y Output Value" dstnodeid="68" dstpinname="FilterTime">
   </LINK>
   <LINK srcnodeid="47" srcpinname="Y Output Value" dstnodeid="68" dstpinname="Go To Position">
   </LINK>
   <NODE systemname="IOBox (Value Advanced)" nodename="IOBox (Value Advanced)" componentmode="InABox" id="71">
   <BOUNDS type="Node" left="23481" top="12360" width="100" height="100">
   </BOUNDS>
   <BOUNDS type="Box" left="23481" top="12360" width="792" height="240">
   </BOUNDS>
   <PIN pinname="Y Input Value" visible="1">
   </PIN>
   <PIN pinname="Y Output Value" visible="1">
   </PIN>
   </NODE>
   <LINK srcnodeid="68" srcpinname="Position Out" dstnodeid="71" dstpinname="Y Input Value">
   </LINK>
   <NODE systemname="IOBox (Value Advanced)" nodename="IOBox (Value Advanced)" componentmode="InABox" id="81">
   <BOUNDS type="Node" left="15672" top="3573" width="100" height="100">
   </BOUNDS>
   <BOUNDS type="Box" left="15672" top="3573" width="792" height="240">
   </BOUNDS>
   <PIN pinname="Y Input Value" slicecount="1" values="5">
   </PIN>
   <PIN pinname="Y Output Value" visible="1">
   </PIN>
   <PIN pinname="Units" slicecount="1" values="s">
   </PIN>
   </NODE>
   <NODE systemname="IOBox (Value Advanced)" nodename="IOBox (Value Advanced)" componentmode="InABox" id="82">
   <BOUNDS type="Node" left="18003" top="6336" width="100" height="100">
   </BOUNDS>
   <BOUNDS type="Box" left="18003" top="6336" width="840" height="240">
   </BOUNDS>
   <PIN pinname="Y Output Value" visible="1">
   </PIN>
   <PIN pinname="Y Input Value" visible="1" slicecount="1" values="0.99">
   </PIN>
   </NODE>
   <NODE systemname="IOBox (Value Advanced)" nodename="IOBox (Value Advanced)" componentmode="InABox" id="83">
   <BOUNDS type="Node" left="18807" top="8784" width="100" height="100">
   </BOUNDS>
   <BOUNDS type="Box" left="18807" top="8784" width="792" height="240">
   </BOUNDS>
   <PIN pinname="Y Input Value" slicecount="1" values="0.32">
   </PIN>
   <PIN pinname="Y Output Value" visible="1">
   </PIN>
   </NODE>
   <NODE systemname="LFO (Animation)" nodename="LFO (Animation)" componentmode="Hidden" id="90">
   <BOUNDS type="Node" left="12372" top="5019" width="100" height="100">
   </BOUNDS>
   <PIN pinname="Output" visible="1">
   </PIN>
   <PIN pinname="Period" slicecount="1" values="2.49">
   </PIN>
   <PIN pinname="Reset" slicecount="1" values="0">
   </PIN>
   <PIN pinname="Phase" slicecount="1" values="0">
   </PIN>
   <PIN pinname="Reverse" slicecount="1" values="0">
   </PIN>
   <PIN pinname="Cycles" visible="1">
   </PIN>
   <PIN pinname="Pause" slicecount="1" values="0">
   </PIN>
   </NODE>
   <NODE systemname="InputMorph (Value)" nodename="InputMorph (Value)" componentmode="Hidden" id="92">
   <BOUNDS type="Node" left="15291" top="5766" width="100" height="100">
   </BOUNDS>
   <PIN pinname="Input 1" visible="1">
   </PIN>
   <PIN pinname="Input 2" visible="1">
   </PIN>
   <PIN pinname="Switch" slicecount="1" visible="1" values="0.0810626031659289">
   </PIN>
   <PIN pinname="Output" visible="1">
   </PIN>
   </NODE>
   <NODE systemname="IOBox (Value Advanced)" nodename="IOBox (Value Advanced)" componentmode="InABox" id="93">
   <BOUNDS type="Node" left="16608" top="4269" width="100" height="100">
   </BOUNDS>
   <BOUNDS type="Box" left="16608" top="4269" width="792" height="240">
   </BOUNDS>
   <PIN pinname="Y Input Value" slicecount="1" values="1">
   </PIN>
   <PIN pinname="Y Output Value" visible="1">
   </PIN>
   </NODE>
   <NODE systemname="IOBox (Value Advanced)" nodename="IOBox (Value Advanced)" componentmode="InABox" id="94">
   <BOUNDS type="Node" left="16845" top="5103" width="100" height="100">
   </BOUNDS>
   <BOUNDS type="Box" left="16845" top="5103" width="792" height="240">
   </BOUNDS>
   <PIN pinname="Y Input Value" slicecount="1" values="5">
   </PIN>
   <PIN pinname="Y Output Value" visible="1">
   </PIN>
   </NODE>
   <LINK srcnodeid="93" srcpinname="Y Output Value" dstnodeid="92" dstpinname="Input 1">
   </LINK>
   <LINK srcnodeid="94" srcpinname="Y Output Value" dstnodeid="92" dstpinname="Input 2">
   </LINK>
   <NODE systemname="LinearFilter (Animation)" nodename="LinearFilter (Animation)" componentmode="Hidden" id="96">
   <BOUNDS type="Node" left="15372" top="4341" width="100" height="100">
   </BOUNDS>
   <PIN pinname="Position Out" visible="1">
   </PIN>
   <PIN pinname="Go To Position" visible="1" slicecount="1" values="0">
   </PIN>
   <PIN pinname="FilterTime" visible="1">
   </PIN>
   <PIN pinname="Reset" visible="1" slicecount="5" values="0,0,0,0,0">
   </PIN>
   <PIN pinname="Cyclic" slicecount="1" values="NotCyclic">
   </PIN>
   </NODE>
   <LINK srcnodeid="81" srcpinname="Y Output Value" dstnodeid="96" dstpinname="FilterTime">
   </LINK>
   <LINK srcnodeid="96" srcpinname="Position Out" dstnodeid="92" dstpinname="Switch">
   </LINK>
   <NODE systemname="LinearFilter (Animation)" nodename="LinearFilter (Animation)" componentmode="Hidden" id="100">
   <BOUNDS type="Node" left="12540" top="6375" width="100" height="100">
   </BOUNDS>
   <PIN pinname="Go To Position" visible="1">
   </PIN>
   <PIN pinname="Position Out" visible="1">
   </PIN>
   <PIN pinname="FilterTime" slicecount="1" values="0">
   </PIN>
   </NODE>
   <LINK srcnodeid="90" srcpinname="Output" dstnodeid="100" dstpinname="Go To Position">
   </LINK>
   <NODE systemname="Damper (Animation)" nodename="Damper (Animation)" componentmode="Hidden" id="116">
   <BOUNDS type="Node" left="20529" top="8532" width="100" height="100">
   </BOUNDS>
   <PIN pinname="Go To Position" visible="1">
   </PIN>
   <PIN pinname="Position Out" visible="1">
   </PIN>
   <PIN pinname="FilterTime" visible="1">
   </PIN>
   </NODE>
   <LINK srcnodeid="37" srcpinname="Output" dstnodeid="116" dstpinname="Go To Position">
   </LINK>
   <NODE systemname="IOBox (Value Advanced)" nodename="IOBox (Value Advanced)" componentmode="InABox" id="117">
   <BOUNDS type="Node" left="19503" top="8019" width="100" height="100">
   </BOUNDS>
   <BOUNDS type="Box" left="19503" top="8019" width="792" height="240">
   </BOUNDS>
   <PIN pinname="Y Input Value" slicecount="1" values="1">
   </PIN>
   <PIN pinname="Y Output Value" visible="1">
   </PIN>
   </NODE>
   <LINK srcnodeid="117" srcpinname="Y Output Value" dstnodeid="116" dstpinname="FilterTime">
   </LINK>
   <NODE nodename="IOBox (String)" componentmode="InABox" id="121" systemname="IOBox (String)">
   <BOUNDS type="Node" left="22452" top="1314" width="2004" height="240">
   </BOUNDS>
   <BOUNDS type="Box" left="22452" top="1314" width="2100" height="420">
   </BOUNDS>
   <PIN pinname="Input String" visible="0" slicecount="1" values="|Scegli la canzone per iniziare|">
   </PIN>
   <PIN pinname="Output String" visible="0">
   </PIN>
   <PIN pinname="Show Grid" slicecount="1" values="0">
   </PIN>
   <PIN pinname="String Type" slicecount="1" values="MultiLine">
   </PIN>
   </NODE>
   <NODE systemname="MonoFlop (Animation)" nodename="MonoFlop (Animation)" componentmode="Hidden" id="123">
   <BOUNDS type="Node" left="18465" top="9540" width="100" height="100">
   </BOUNDS>
   <PIN pinname="Output" visible="1">
   </PIN>
   <PIN pinname="Inverse Output" visible="1">
   </PIN>
   <PIN pinname="Time" visible="1">
   </PIN>
   <PIN pinname="Set" visible="1">
   </PIN>
   </NODE>
   <NODE nodename="IOBox (Value Advanced)" componentmode="InABox" id="124" systemname="IOBox (Value Advanced)">
   <BOUNDS type="Box" left="18690" top="10290" width="480" height="480">
   </BOUNDS>
   <BOUNDS type="Node" left="18690" top="10290" width="0" height="0">
   </BOUNDS>
   <PIN pinname="Units" slicecount="1" values="||">
   </PIN>
   <PIN pinname="Precision" slicecount="1" values="4">
   </PIN>
   <PIN pinname="Value Type" slicecount="1" values="Boolean">
   </PIN>
   <PIN pinname="Behavior" slicecount="1" values="Toggle">
   </PIN>
   <PIN pinname="Y Output Value" visible="1">
   </PIN>
   </NODE>
   <LINK srcnodeid="123" srcpinname="Output" dstnodeid="124" dstpinname="Y Input Value">
   </LINK>
   <NODE nodename="IOBox (Value Advanced)" componentmode="InABox" id="125" systemname="IOBox (Value Advanced)">
   <BOUNDS type="Box" left="19770" top="10665" width="480" height="480">
   </BOUNDS>
   <BOUNDS type="Node" left="19770" top="10665" width="0" height="0">
   </BOUNDS>
   <PIN pinname="Units" slicecount="1" values="||">
   </PIN>
   <PIN pinname="Precision" slicecount="1" values="4">
   </PIN>
   <PIN pinname="Value Type" slicecount="1" values="Boolean">
   </PIN>
   <PIN pinname="Behavior" slicecount="1" values="Toggle">
   </PIN>
   <PIN pinname="Y Output Value" visible="1">
   </PIN>
   </NODE>
   <LINK srcnodeid="123" srcpinname="Inverse Output" dstnodeid="125" dstpinname="Y Input Value">
   </LINK>
   <LINK srcnodeid="83" srcpinname="Y Output Value" dstnodeid="123" dstpinname="Time">
   </LINK>
   <LINK srcnodeid="47" srcpinname="Y Output Value" dstnodeid="123" dstpinname="Set">
   </LINK>
   <NODE systemname="Add (Value)" nodename="Add (Value)" componentmode="Hidden" id="132">
   <BOUNDS type="Node" left="18555" top="7275" width="100" height="100">
   </BOUNDS>
   <PIN pinname="Input 1" visible="1">
   </PIN>
   <PIN pinname="Input 2" visible="1">
   </PIN>
   <PIN pinname="Output" visible="1">
   </PIN>
   </NODE>
   <LINK srcnodeid="82" srcpinname="Y Output Value" dstnodeid="132" dstpinname="Input 1">
   </LINK>
   <LINK srcnodeid="23" srcpinname="Y Output Value" dstnodeid="132" dstpinname="Input 2">
   </LINK>
   <NODE systemname="IOBox (Value Advanced)" nodename="IOBox (Value Advanced)" componentmode="InABox" id="134">
   <BOUNDS type="Node" left="17280" top="8220" width="100" height="100">
   </BOUNDS>
   <BOUNDS type="Box" left="17280" top="8220" width="795" height="240">
   </BOUNDS>
   <PIN pinname="Y Input Value" visible="1">
   </PIN>
   <PIN pinname="Y Output Value" visible="1">
   </PIN>
   </NODE>
   <LINK srcnodeid="132" srcpinname="Output" dstnodeid="134" dstpinname="Y Input Value">
   </LINK>
   <NODE nodename="IOBox (String)" componentmode="InABox" id="135" systemname="IOBox (String)">
   <BOUNDS type="Node" left="10350" top="372" width="1575" height="270">
   </BOUNDS>
   <BOUNDS type="Box" left="10350" top="372" width="6924" height="2136">
   </BOUNDS>
   <PIN pinname="Input String" visible="0" slicecount="1" values="|Il logo proposto dal gruppo degli elastici è già stato creato in origine per essere generativo. Nel programma vvvv è dunque importato il file realizzato in blender ed animato attraverso la camera e movimenti dei vettori. L&apos;animazione si basa sula variazione casuale della texture importata e dalla variazione dei parametri HSL della mesh. La generazione è realizzata attraverso clock di periodo variabile, mentre la canzone scelta attiva o disattiva la pausa della variazioni dei parametri e modifica le dimensioni dei vettori del logo.&cr;&lf;&cr;&lf;Modello 3D, canzone e Texture sono presenti nella cartella /asset.|">
   </PIN>
   <PIN pinname="Output String" visible="0">
   </PIN>
   <PIN pinname="Show Grid" slicecount="1" values="0">
   </PIN>
   <PIN pinname="String Type" slicecount="1" values="MultiLine">
   </PIN>
   </NODE>
   <NODE systemname="IOBox (Value Advanced)" nodename="IOBox (Value Advanced)" componentmode="InABox" id="138">
   <BOUNDS type="Node" left="20520" top="6090" width="100" height="100">
   </BOUNDS>
   <BOUNDS type="Box" left="20520" top="6090" width="795" height="240">
   </BOUNDS>
   <PIN pinname="Y Input Value" slicecount="1" visible="1" values="0.2">
   </PIN>
   <PIN pinname="Y Output Value" visible="1">
   </PIN>
   </NODE>
   <LINK srcnodeid="22" srcpinname="RMS" dstnodeid="23" dstpinname="Y Input Value">
   </LINK>
   <LINK srcnodeid="25" srcpinname="Output" dstnodeid="138" dstpinname="Y Input Value">
   </LINK>
   <NODE systemname="Switch (Value Input)" nodename="Switch (Value Input)" componentmode="Hidden" id="140">
   <BOUNDS type="Node" left="13755" top="12735" width="100" height="100">
   </BOUNDS>
   <PIN pinname="Input 1" visible="1">
   </PIN>
   <PIN pinname="Input 2" visible="1" slicecount="1" values="1">
   </PIN>
   <PIN pinname="Output" visible="1">
   </PIN>
   <PIN pinname="Switch" visible="1" slicecount="1" values="0">
   </PIN>
   </NODE>
   <NODE systemname="IOBox (Value Advanced)" nodename="IOBox (Value Advanced)" componentmode="InABox" id="141">
   <BOUNDS type="Node" left="13845" top="10725" width="100" height="100">
   </BOUNDS>
   <BOUNDS type="Box" left="13845" top="10725" width="795" height="240">
   </BOUNDS>
   <PIN pinname="Y Input Value" slicecount="1" visible="1" values="0.3">
   </PIN>
   <PIN pinname="Y Output Value" visible="1">
   </PIN>
   </NODE>
   <LINK srcnodeid="141" srcpinname="Y Output Value" dstnodeid="140" dstpinname="Input 1">
   </LINK>
   <LINK srcnodeid="134" srcpinname="Y Output Value" dstnodeid="140" dstpinname="Input 2">
   </LINK>
   <NODE systemname="ColladaFile (EX9.Geometry)" filename="%VVVV%\lib\nodes\plugins\ColladaLoader.dll" nodename="ColladaFile (EX9.Geometry)" componentmode="Hidden" id="167">
   <BOUNDS type="Node" left="4902" top="3564" width="100" height="100">
   </BOUNDS>
   <PIN pinname="COLLADA Model" visible="1">
   </PIN>
   <PIN pinname="Filename" visible="1">
   </PIN>
   </NODE>
   <NODE systemname="IOBox (String)" nodename="IOBox (String)" componentmode="InABox" id="166">
   <BOUNDS type="Node" left="5685" top="2970" width="100" height="100">
   </BOUNDS>
   <BOUNDS type="Box" left="5685" top="2970" width="795" height="240">
   </BOUNDS>
   <PIN pinname="String Type" slicecount="1" values="Filename">
   </PIN>
   <PIN pinname="Output String" visible="1">
   </PIN>
   <PIN pinname="Input String" slicecount="1" values="|..\..\..\Modello 3D\rifatto_con_texture_no_UV.dae|">
   </PIN>
   </NODE>
   <NODE systemname="Mesh (EX9.Geometry Collada)" filename="%VVVV%\lib\nodes\plugins\ColladaLoader.dll" nodename="Mesh (EX9.Geometry Collada)" componentmode="Hidden" id="165">
   <BOUNDS type="Node" left="5061" top="4905" width="100" height="100">
   </BOUNDS>
   <PIN pinname="COLLADA Model" visible="1" slicecount="1" values="||">
   </PIN>
   <PIN pinname="Time" visible="1" slicecount="3" values="0,5,0">
   </PIN>
   <PIN pinname="TextureFileName" visible="1">
   </PIN>
   <PIN pinname="Mesh" visible="1">
   </PIN>
   <PIN pinname="Transforms" visible="1">
   </PIN>
   <PIN pinname="Skinning Transforms" visible="1">
   </PIN>
   <PIN pinname="MeshPath" visible="1">
   </PIN>
   <PIN pinname="Bin Size" slicecount="1" values="-1">
   </PIN>
   </NODE>
   <NODE systemname="Renderer (EX9)" nodename="Renderer (EX9)" componentmode="InAWindow" id="164">
   <BOUNDS type="Node" left="5070" top="11595" width="100" height="100">
   </BOUNDS>
   <BOUNDS type="Box" left="5070" top="11595" width="2400" height="1800">
   </BOUNDS>
   <BOUNDS type="Window" left="-216" top="1464" width="6816" height="5076">
   </BOUNDS>
   <PIN pinname="View" visible="1" slicecount="1" values="||">
   </PIN>
   <PIN pinname="Projection" visible="1" slicecount="1" values="||">
   </PIN>
   <PIN pinname="Layers" visible="1" slicecount="1" values="||">
   </PIN>
   <PIN pinname="Windowed Depthbuffer Format" slicecount="1" values="D24X8">
   </PIN>
   <PIN pinname="Fullscreen Depthbuffer Format" slicecount="1" values="D24X8">
   </PIN>
   <PIN pinname="Background Color" slicecount="1" values="|0.51529,0.51529,0.51529,1.00000|">
   </PIN>
   <PIN pinname="Clear" visible="1" slicecount="1" values="1.5">
   </PIN>
   </NODE>
   <LINK srcnodeid="166" srcpinname="Output String" dstnodeid="167" dstpinname="Filename">
   </LINK>
   <NODE systemname="Vector (3d Join)" nodename="Vector (3d Join)" componentmode="Hidden" id="163">
   <BOUNDS type="Node" left="2940" top="4815" width="100" height="100">
   </BOUNDS>
   <PIN pinname="XYZ" visible="1">
   </PIN>
   <PIN pinname="X" slicecount="1" visible="1" values="0.0685733450800877">
   </PIN>
   <PIN pinname="Y" slicecount="1" visible="1" values="0.0685733450800877">
   </PIN>
   <PIN pinname="Z" visible="1" slicecount="1" values="0.0685733450800877">
   </PIN>
   </NODE>
   <LINK srcnodeid="167" srcpinname="COLLADA Model" dstnodeid="165" dstpinname="COLLADA Model">
   </LINK>
   <NODE systemname="FileTexture (EX9.Texture)" nodename="FileTexture (EX9.Texture)" componentmode="Hidden" id="162">
   <BOUNDS type="Node" left="7005" top="3906" width="100" height="100">
   </BOUNDS>
   <PIN pinname="Filename" visible="1" slicecount="1" values="Asset\texture.jpg">
   </PIN>
   <PIN pinname="Texture Out" visible="1">
   </PIN>
   <PIN pinname="Preload" slicecount="1" values="1">
   </PIN>
   <PIN pinname="Load In Background" slicecount="1" values="0">
   </PIN>
   <PIN pinname="Reload" slicecount="1" values="0">
   </PIN>
   <PIN pinname="Use Preloaded Item" slicecount="1" values="0">
   </PIN>
   </NODE>
   <NODE systemname="Group (EX9)" nodename="Group (EX9)" componentmode="Hidden" id="160">
   <BOUNDS type="Node" left="6075" top="9330" width="100" height="100">
   </BOUNDS>
   <PIN pinname="Layer 1" visible="1" slicecount="1" values="||">
   </PIN>
   <PIN pinname="Layer 2" visible="1" slicecount="1" values="||">
   </PIN>
   <PIN pinname="Layer" visible="1">
   </PIN>
   <PIN pinname="Enabled" slicecount="1" values="1">
   </PIN>
   </NODE>
   <NODE systemname="IOBox (String)" nodename="IOBox (String)" componentmode="InABox" id="159">
   <BOUNDS type="Node" left="7722" top="2928" width="100" height="100">
   </BOUNDS>
   <BOUNDS type="Box" left="7722" top="2928" width="2790" height="345">
   </BOUNDS>
   <PIN pinname="String Type" slicecount="1" values="Filename">
   </PIN>
   <PIN pinname="Input String" slicecount="1" values="Asset\texture.jpg" visible="1">
   </PIN>
   <PIN pinname="Output String" visible="1">
   </PIN>
   <PIN pinname="Rows" slicecount="1" values="1">
   </PIN>
   </NODE>
   <NODE systemname="Vector (3d Join)" nodename="Vector (3d Join)" componentmode="Hidden" id="158">
   <BOUNDS type="Node" left="7467" top="9654" width="100" height="100">
   </BOUNDS>
   <PIN pinname="XYZ" visible="1">
   </PIN>
   <PIN pinname="X" slicecount="1" values="0.03">
   </PIN>
   <PIN pinname="Y" slicecount="1" values="0">
   </PIN>
   <PIN pinname="Z" slicecount="1" values="-0.02">
   </PIN>
   </NODE>
   <NODE systemname="LFO (Animation)" nodename="LFO (Animation)" componentmode="Hidden" id="157">
   <BOUNDS type="Node" left="3330" top="5925" width="100" height="100">
   </BOUNDS>
   <PIN pinname="Output" visible="1">
   </PIN>
   <PIN pinname="Change" visible="1">
   </PIN>
   <PIN pinname="Period" slicecount="1" values="7.71">
   </PIN>
   <PIN pinname="Pause" slicecount="1" values="0">
   </PIN>
   </NODE>
   <NODE systemname="Camera (Transform Softimage)" filename="%VVVV%\lib\nodes\modules\Transform\Camera (Transform Softimage).v4p" nodename="Camera (Transform Softimage)" componentmode="Hidden" id="156">
   <BOUNDS type="Node" left="2940" top="7245" width="100" height="100">
   </BOUNDS>
   <PIN pinname="Initial Interest" visible="1" slicecount="3" values="0,-0.21,0">
   </PIN>
   <PIN pinname="View" visible="1">
   </PIN>
   <PIN pinname="Projection" visible="1">
   </PIN>
   <PIN pinname="Initial Pitch" slicecount="1" visible="1" values="0.906725874318909">
   </PIN>
   <PIN pinname="Initial Distance" slicecount="1" values="11.07">
   </PIN>
   <PIN pinname="Initial Yaw" slicecount="1" visible="1" values="0.0465633093845099">
   </PIN>
   <PIN pinname="Initial FOV" slicecount="1" values="0.21">
   </PIN>
   <PIN pinname="Far Plane" slicecount="1" values="17">
   </PIN>
   <PIN pinname="Distortion" visible="1" slicecount="1" values="||">
   </PIN>
   <PIN pinname="Enabled" slicecount="1" values="1">
   </PIN>
   </NODE>
   <LINK srcnodeid="156" srcpinname="View" dstnodeid="164" dstpinname="View">
   </LINK>
   <LINK srcnodeid="156" srcpinname="Projection" dstnodeid="164" dstpinname="Projection">
   </LINK>
   <LINK srcnodeid="157" srcpinname="Output" dstnodeid="156" dstpinname="Initial Yaw">
   </LINK>
   <NODE systemname="LFO (Animation)" nodename="LFO (Animation)" componentmode="Hidden" id="154">
   <BOUNDS type="Node" left="4110" top="6465" width="100" height="100">
   </BOUNDS>
   <PIN pinname="Output" visible="1">
   </PIN>
   <PIN pinname="Period" slicecount="1" values="4.31">
   </PIN>
   <PIN pinname="Pause" slicecount="1" values="0">
   </PIN>
   </NODE>
   <LINK srcnodeid="154" srcpinname="Output" dstnodeid="156" dstpinname="Initial Pitch">
   </LINK>
   <NODE systemname="LFO (Animation)" nodename="LFO (Animation)" componentmode="Hidden" id="152">
   <BOUNDS type="Node" left="8340" top="3825" width="100" height="100">
   </BOUNDS>
   <PIN pinname="Output" visible="1">
   </PIN>
   <PIN pinname="Period" slicecount="1" values="2.12">
   </PIN>
   <PIN pinname="Pause" slicecount="1" values="0">
   </PIN>
   <PIN pinname="Reset" slicecount="1" values="0">
   </PIN>
   </NODE>
   <NODE systemname="LFO (Animation)" nodename="LFO (Animation)" componentmode="Hidden" id="151">
   <BOUNDS type="Node" left="12165" top="4500" width="100" height="100">
   </BOUNDS>
   <PIN pinname="Output" visible="1">
   </PIN>
   <PIN pinname="Change" visible="1">
   </PIN>
   <PIN pinname="Period" slicecount="1" values="2">
   </PIN>
   <PIN pinname="Phase" slicecount="1" values="0.62">
   </PIN>
   <PIN pinname="Pause" slicecount="1" values="0">
   </PIN>
   </NODE>
   <NODE systemname="HSCB (EX9.Texture Filter)" filename="%VVVV%\lib\nodes\modules\TextureFX\Filter\HSCB\HSCB (EX9.Texture Filter).v4p" nodename="HSCB (EX9.Texture Filter)" componentmode="Hidden" id="149">
   <BOUNDS type="Node" left="7665" top="7005" width="100" height="100">
   </BOUNDS>
   <PIN pinname="Input" visible="1" slicecount="1" values="||">
   </PIN>
   <PIN pinname="Output" visible="1">
   </PIN>
   <PIN pinname="Saturation Balance" visible="1" slicecount="1" values="-0.46">
   </PIN>
   <PIN pinname="Hue" visible="1" slicecount="1" values="-5.38">
   </PIN>
   <PIN pinname="Saturation" visible="1" slicecount="1" values="0">
   </PIN>
   <PIN pinname="Brightness" slicecount="1" visible="1" values="1">
   </PIN>
   <PIN pinname="Contrast" slicecount="1" values="0">
   </PIN>
   <PIN pinname="Hue Cycles" slicecount="1" visible="1" values="0.97">
   </PIN>
   <PIN pinname="Enabled" slicecount="1" visible="1" values="0">
   </PIN>
   </NODE>
   <NODE systemname="Transform (Transform 3d)" nodename="Transform (Transform 3d)" componentmode="Hidden" id="147">
   <BOUNDS type="Node" left="9945" top="7110" width="100" height="100">
   </BOUNDS>
   <PIN pinname="Transform Out" visible="1">
   </PIN>
   <PIN pinname="TranslateX" visible="1" slicecount="1" values="0.67163776308094">
   </PIN>
   <PIN pinname="ScaleX" visible="1" slicecount="1" values="0.1514390979597">
   </PIN>
   <PIN pinname="TranslateY" visible="1" slicecount="1" values="1.03606882899893">
   </PIN>
   <PIN pinname="TranslateZ" visible="1" slicecount="1" values="0.821096215282791">
   </PIN>
   <PIN pinname="ScaleY" visible="1" slicecount="1" values="1.05025500175981">
   </PIN>
   <PIN pinname="ScaleZ" visible="1" slicecount="1" values="0.71698787859899">
   </PIN>
   <PIN pinname="Pitch" slicecount="1" visible="1" values="1.13">
   </PIN>
   </NODE>
   <NODE nodename="IOBox (String)" componentmode="InABox" id="146" systemname="IOBox (String)">
   <BOUNDS type="Node" left="7590" top="2430" width="675" height="270">
   </BOUNDS>
   <BOUNDS type="Box" left="7590" top="2430" width="2295" height="345">
   </BOUNDS>
   <PIN pinname="Input String" visible="0" slicecount="1" values="|inserisci la texture|">
   </PIN>
   <PIN pinname="Output String" visible="0">
   </PIN>
   <PIN pinname="Show Grid" slicecount="1" values="0">
   </PIN>
   <PIN pinname="String Type" slicecount="1" values="MultiLine">
   </PIN>
   </NODE>
   <NODE nodename="IOBox (String)" componentmode="InABox" id="145" systemname="IOBox (String)">
   <BOUNDS type="Node" left="5022" top="2502" width="945" height="270">
   </BOUNDS>
   <BOUNDS type="Box" left="5022" top="2502" width="1815" height="330">
   </BOUNDS>
   <PIN pinname="Input String" visible="0" slicecount="1" values="|Inserisci il modello 3d. |">
   </PIN>
   <PIN pinname="Output String" visible="0">
   </PIN>
   <PIN pinname="Show Grid" slicecount="1" values="0">
   </PIN>
   <PIN pinname="String Type" slicecount="1" values="MultiLine">
   </PIN>
   </NODE>
   <NODE id="161" systemname="PhongDirectional (EX9.Effect)" filename="%VVVV%\lib\nodes\effects\PhongDirectional.fx" nodename="PhongDirectional (EX9.Effect)" componentmode="Hidden" hiddenwhenlocked="0" managers="">
   <BOUNDS type="Node" left="5970" top="8340" width="100" height="100">
   </BOUNDS>
   <PIN pinname="Mesh" visible="1" slicecount="1" pintype="Input" values="||">
   </PIN>
   <PIN pinname="Transform" visible="1" pintype="Input" slicecount="1" values="||">
   </PIN>
   <PIN pinname="Texture" visible="1" slicecount="1" pintype="Input" values="||">
   </PIN>
   <PIN pinname="Layer" visible="1" pintype="Output">
   </PIN>
   <PIN pinname="Texture Transform" visible="1" slicecount="1" pintype="Input" values="||">
   </PIN>
   <PIN pinname="Alpha" visible="1" slicecount="1" pintype="Input" values="1">
   </PIN>
   <PIN pinname="Light Direction XYZ" slicecount="3" visible="1" pintype="Input" values="-0.04,-0.04,-0.04">
   </PIN>
   <PIN pinname="Color Transform" visible="1" slicecount="1" pintype="Input" values="||">
   </PIN>
   <PIN pinname="Enabled" slicecount="1" pintype="Input" visible="1" values="1">
   </PIN>
   <PIN pinname="Descriptive Name" pintype="Configuration" slicecount="1" values="||">
   </PIN>
   <PIN pinname="Select Next Valid Technique" pintype="Configuration" slicecount="1" values="1">
   </PIN>
   <PIN pinname="Render State" pintype="Input" visible="1" slicecount="1" values="||">
   </PIN>
   <PIN pinname="Ambient Color" pintype="Input" visible="1" slicecount="1" values="|0.15000,0.15000,0.15000,1.00000|">
   </PIN>
   <PIN pinname="Diffuse Color" pintype="Input" visible="1" slicecount="1" values="|0.85000,0.85000,0.85000,1.00000|">
   </PIN>
   <PIN pinname="Specular Color" pintype="Input" visible="1" slicecount="1" values="|0.35000,0.35000,0.35000,1.00000|">
   </PIN>
   <PIN pinname="Power" pintype="Input" visible="1" slicecount="1" values="25.01">
   </PIN>
   <PIN pinname="Technique" pintype="Input" visible="1" slicecount="1" values="| TPhongDirectional|">
   </PIN>
   <PIN pinname="Technique Pass" pintype="Input" visible="1" slicecount="1" values="-1">
   </PIN>
   <PIN pinname="Space" pintype="Input" slicecount="1" values="World">
   </PIN>
   <PIN pinname="Compiled" pintype="Output" visible="1">
   </PIN>
   <PIN pinname="Technique Valid" pintype="Output" visible="1">
   </PIN>
   <PIN pinname="Description" pintype="Output" visible="1">
   </PIN>
   <PIN pinname="ID" pintype="Output" visible="-1">
   </PIN>
   </NODE>
   <LINK srcnodeid="147" srcpinname="Transform Out" dstnodeid="161" dstpinname="Color Transform">
   </LINK>
   <LINK srcnodeid="158" srcpinname="XYZ" dstnodeid="161" dstpinname="Light Direction XYZ">
   </LINK>
   <LINK srcnodeid="161" srcpinname="Layer" dstnodeid="160" dstpinname="Layer 2">
   </LINK>
   <LINK srcnodeid="163" srcpinname="XYZ" dstnodeid="156" dstpinname="Initial Interest">
   </LINK>
   <NODE systemname="LFO (Animation)" nodename="LFO (Animation)" componentmode="Hidden" id="173">
   <BOUNDS type="Node" left="10695" top="3885" width="100" height="100">
   </BOUNDS>
   <PIN pinname="Output" visible="1">
   </PIN>
   <PIN pinname="Period" slicecount="1" values="1.79">
   </PIN>
   <PIN pinname="Pause" slicecount="1" values="0">
   </PIN>
   </NODE>
   <LINK srcnodeid="173" srcpinname="Output" dstnodeid="147" dstpinname="TranslateX">
   </LINK>
   <LINK srcnodeid="173" srcpinname="Output" dstnodeid="147" dstpinname="TranslateZ">
   </LINK>
   <LINK srcnodeid="173" srcpinname="Output" dstnodeid="149" dstpinname="Brightness">
   </LINK>
   <LINK srcnodeid="152" srcpinname="Output" dstnodeid="147" dstpinname="TranslateY">
   </LINK>
   <LINK srcnodeid="152" srcpinname="Output" dstnodeid="149" dstpinname="Hue Cycles">
   </LINK>
   <LINK srcnodeid="92" srcpinname="Output" dstnodeid="149" dstpinname="Saturation Balance">
   </LINK>
   <LINK srcnodeid="152" srcpinname="Output" dstnodeid="149" dstpinname="Hue">
   </LINK>
   <LINK srcnodeid="151" srcpinname="Output" dstnodeid="147" dstpinname="ScaleY">
   </LINK>
   <LINK srcnodeid="134" srcpinname="Y Output Value" dstnodeid="147" dstpinname="Pitch">
   </LINK>
   <LINK srcnodeid="90" srcpinname="Output" dstnodeid="147" dstpinname="ScaleZ">
   </LINK>
   <LINK srcnodeid="152" srcpinname="Output" dstnodeid="147" dstpinname="ScaleX">
   </LINK>
   <LINK srcnodeid="151" srcpinname="Output" dstnodeid="149" dstpinname="Saturation">
   </LINK>
   <LINK srcnodeid="124" srcpinname="Y Output Value" dstnodeid="149" dstpinname="Enabled">
   </LINK>
   <LINK srcnodeid="140" srcpinname="Output" dstnodeid="163" dstpinname="Z">
   </LINK>
   <LINK srcnodeid="140" srcpinname="Output" dstnodeid="163" dstpinname="Y">
   </LINK>
   <LINK srcnodeid="140" srcpinname="Output" dstnodeid="163" dstpinname="X">
   </LINK>
   <LINK srcnodeid="124" srcpinname="Y Output Value" dstnodeid="140" dstpinname="Switch">
   </LINK>
   <NODE systemname="Scene (Assimp DX9)" filename="%VVVV%\lib\nodes\plugins\VVVV.Assimp.Nodes.dll" nodename="Scene (Assimp DX9)" componentmode="Hidden" id="174">
   <BOUNDS type="Node" left="3456" top="2628" width="100" height="100">
   </BOUNDS>
   <PIN pinname="Path" visible="1" slicecount="1" values="Asset\texture.jpg">
   </PIN>
   </NODE>
   <LINK srcnodeid="159" srcpinname="Output String" dstnodeid="162" dstpinname="Filename">
   </LINK>
   <LINK srcnodeid="149" srcpinname="Output" dstnodeid="161" dstpinname="Texture">
   </LINK>
   <NODE systemname="Camera (Transform Collada)" filename="%VVVV%\lib\nodes\plugins\ColladaLoader.dll" nodename="Camera (Transform Collada)" componentmode="Hidden" id="181">
   <BOUNDS type="Node" left="5592" top="3996" width="100" height="100">
   </BOUNDS>
   <PIN pinname="COLLADA Model" visible="1">
   </PIN>
   <PIN pinname="View Matrix" visible="1">
   </PIN>
   </NODE>
   <LINK srcnodeid="167" srcpinname="COLLADA Model" dstnodeid="181" dstpinname="COLLADA Model">
   </LINK>
   <LINK srcnodeid="161" srcpinname="Layer" dstnodeid="164" dstpinname="Layers">
   </LINK>
   <LINK srcnodeid="165" srcpinname="Mesh" dstnodeid="161" dstpinname="Mesh">
   </LINK>
   <LINK srcnodeid="165" srcpinname="Transforms" dstnodeid="161" dstpinname="Transform">
   </LINK>
   <LINK srcnodeid="162" srcpinname="Texture Out" dstnodeid="149" dstpinname="Input">
   </LINK>
   </PATCH>